City_ID,City,Country,Date,Lat,Lng,Max Temp,Humidity,Cloudiness,Wind Speed
0,Chuy,UY,2020-12-26 14:39:46,-33.7,-53.46,77.5,57,96,14.12
1,Arraial Do Cabo,BR,2020-12-26 14:39:17,-22.97,-42.03,82.4,69,20,11.41
2,Georgetown,MY,2020-12-26 14:35:26,5.41,100.34,77.0,94,40,2.24
3,Jutai,BR,2020-12-26 14:43:44,-5.18,-68.9,80.35,79,100,1.05
4,Marsa Matruh,EG,2020-12-26 14:43:45,31.35,27.25,63.28,60,0,7.81
5,Peddapalli,IN,2020-12-26 14:43:45,18.62,79.37,66.04,38,0,0.27
6,Vaini,TO,2020-12-26 14:39:03,-21.2,-175.2,77.0,94,40,3.36
7,Torbay,CA,2020-12-26 14:35:15,47.67,-52.73,42.8,70,40,17.22
8,Cockburn Town,TC,2020-12-26 14:40:20,21.46,-71.14,78.46,69,1,7.47
9,Tuktoyaktuk,CA,2020-12-26 14:38:55,69.45,-133.04,5.0,92,20,11.41
10,Hithadhoo,MV,2020-12-26 14:39:25,-0.6,73.08,82.35,66,1,5.53
11,Avarua,CK,2020-12-26 14:39:14,-21.21,-159.78,69.8,100,85,2.24
12,Kodiak,US,2020-12-26 14:39:26,57.79,-152.41,30.2,86,20,5.82
13,Hambantota,LK,2020-12-26 14:40:01,6.12,81.12,78.8,88,75,4.7
14,Ushuaia,AR,2020-12-26 14:39:10,-54.8,-68.3,62.6,36,40,23.04
15,Khatanga,RU,2020-12-26 14:38:51,71.97,102.5,-29.49,83,67,8.43
16,Hermanus,ZA,2020-12-26 14:38:59,-34.42,19.23,73.99,73,0,8.01
17,Oranjemund,NA,2020-12-26 14:39:32,-28.55,16.43,69.1,72,8,16.44
18,Barrow,US,2020-12-26 14:38:55,71.29,-156.79,-11.2,76,1,6.93
19,Mataura,NZ,2020-12-26 14:38:57,-46.19,168.86,44.01,82,54,1.77
20,Punta Arenas,CL,2020-12-26 14:38:52,-53.15,-70.92,60.8,55,75,24.16
21,Albany,US,2020-12-26 14:35:20,42.6,-73.97,27.0,61,77,3.0
22,Rikitea,PF,2020-12-26 14:39:01,-23.12,-134.97,77.31,80,100,13.4
23,Geraldton,AU,2020-12-26 14:39:28,-28.77,114.6,71.6,78,90,21.92
24,Bluff,NZ,2020-12-26 14:39:04,-46.6,168.33,44.01,82,76,4.0
25,Kruisfontein,ZA,2020-12-26 14:40:02,-34.0,24.73,80.01,56,0,11.99
26,New Norfolk,AU,2020-12-26 14:38:52,-42.78,147.06,60.8,77,75,8.05
27,Leningradskiy,RU,2020-12-26 14:40:09,69.38,178.42,-9.27,85,0,6.71
28,Busselton,AU,2020-12-26 14:38:59,-33.65,115.33,57.0,82,5,1.99
29,Slobozia,MD,2020-12-26 14:43:50,46.73,29.71,37.4,86,90,4.7
30,Husavik,IS,2020-12-26 14:40:39,66.04,-17.34,23.0,85,0,6.02
31,Narsaq,GL,2020-12-26 14:39:26,60.92,-46.05,12.2,51,16,1.12
32,Imbituba,BR,2020-12-26 14:43:50,-28.24,-48.67,78.8,74,75,12.75
33,Cape Town,ZA,2020-12-26 14:38:56,-33.93,18.42,78.8,47,0,12.75
34,Masumbwe,TZ,2020-12-26 14:43:51,-3.63,32.18,77.09,69,46,1.72
35,Lucapa,AO,2020-12-26 14:43:51,-8.42,20.74,77.9,85,100,3.51
36,Bereda,ES,2020-12-26 14:43:51,43.27,-7.54,48.0,69,2,5.01
37,Bueu,ES,2020-12-26 14:43:52,42.32,-8.79,50.0,61,0,3.36
38,Antalaha,MG,2020-12-26 14:43:52,-14.9,50.28,82.15,75,100,2.3
39,Kostino,RU,2020-12-26 14:43:52,58.91,53.27,12.69,95,100,10.18
40,Mahibadhoo,MV,2020-12-26 14:43:52,3.78,72.97,82.81,76,17,10.92
41,Impfondo,CG,2020-12-26 14:43:52,1.64,18.07,95.38,30,56,1.45
42,Gigmoto,PH,2020-12-26 14:43:52,13.78,124.39,78.66,89,100,15.21
43,Bredasdorp,ZA,2020-12-26 14:38:49,-34.53,20.04,80.6,51,0,14.99
44,Rio Branco Do Sul,BR,2020-12-26 14:43:53,-25.19,-49.31,82.0,56,20,12.75
45,Bambous Virieux,MU,2020-12-26 14:39:25,-20.34,57.76,80.6,83,40,13.87
46,Yellowknife,CA,2020-12-26 14:36:35,62.46,-114.35,-11.0,83,90,3.36
47,Celestun,MX,2020-12-26 14:43:53,20.87,-90.4,67.33,60,93,6.26
48,Qaanaaq,GL,2020-12-26 14:39:16,77.48,-69.36,-13.72,81,22,1.63
49,Katakwi,UG,2020-12-26 14:43:54,1.89,33.97,88.83,21,84,13.0
50,Sorland,NO,2020-12-26 14:40:16,67.67,12.69,32.0,97,75,8.05
51,Krasnoselkup,RU,2020-12-26 14:43:54,65.7,82.47,-34.31,81,0,5.88
52,Copiapo,CL,2020-12-26 14:42:46,-27.37,-70.33,68.0,60,75,3.36
53,Lebu,CL,2020-12-26 14:39:09,-37.62,-73.65,63.68,79,15,17.83
54,Acapulco,MX,2020-12-26 14:37:56,16.86,-99.89,75.2,94,90,1.9
55,Zhoucheng,CN,2020-12-26 14:43:55,35.91,116.31,40.51,65,100,4.18
56,Chapais,CA,2020-12-26 14:43:55,49.78,-74.85,6.8,84,90,8.05
57,Portland,US,2020-12-26 14:40:46,45.52,-122.68,46.0,95,90,1.01
58,Ribeira Grande,PT,2020-12-26 14:39:19,38.52,-28.7,60.8,63,20,23.04
59,Yar-Sale,RU,2020-12-26 14:39:43,66.83,70.83,-37.01,81,7,7.14
60,Naze,JP,2020-12-26 14:39:27,28.37,129.48,55.4,87,52,3.36
61,Caravelas,BR,2020-12-26 14:40:20,-17.71,-39.25,77.5,87,99,8.3
62,Nanma,CN,2020-12-26 14:43:57,36.18,118.16,39.99,51,100,2.86
63,Tiksi,RU,2020-12-26 14:39:39,71.69,128.87,-10.37,90,100,7.9
64,Zaysan,KZ,2020-12-26 14:43:57,47.47,84.87,-0.22,88,23,1.45
65,Havoysund,NO,2020-12-26 14:39:42,71.0,24.66,5.0,54,0,29.97
66,Mar Del Plata,AR,2020-12-26 14:39:24,-38.0,-57.56,75.2,73,75,16.11
67,Singaparna,ID,2020-12-26 14:43:58,-7.35,108.11,73.65,86,98,1.14
68,Nikolskoye,RU,2020-12-26 14:39:35,59.7,30.79,23.0,79,75,13.42
69,Bonavista,CA,2020-12-26 14:40:39,48.65,-53.11,39.2,64,4,5.82
70,Iqaluit,CA,2020-12-26 14:39:10,63.75,-68.51,-18.4,68,40,4.7
71,Otane,NZ,2020-12-26 14:43:58,-39.88,176.63,46.0,84,9,1.99
72,Norrtalje,SE,2020-12-26 14:43:59,59.76,18.7,36.0,52,100,1.01
73,Jamestown,US,2020-12-26 14:39:00,42.1,-79.24,15.01,85,90,17.69
74,Saravena,CO,2020-12-26 14:43:59,6.95,-71.88,88.65,44,32,3.06
75,Falun,SE,2020-12-26 14:43:59,60.6,15.63,28.4,86,100,9.17
76,Golden,US,2020-12-26 14:41:53,39.76,-105.22,39.2,27,40,5.82
77,Sandwick,GB,2020-12-26 14:44:00,60.0,-1.25,44.6,87,75,33.33
78,Leshukonskoye,RU,2020-12-26 14:44:00,64.9,45.76,-1.34,92,100,8.03
79,Vadakku Valliyur,IN,2020-12-26 14:44:00,8.38,77.65,74.77,69,14,8.55
80,Castro,BR,2020-12-26 14:38:58,-24.79,-50.01,75.18,52,64,5.82
81,Slavsk,RU,2020-12-26 14:44:01,55.04,21.68,35.89,84,98,9.95
82,Yinchuan,CN,2020-12-26 14:44:01,38.47,106.27,25.92,73,1,4.36
83,Hobart,AU,2020-12-26 14:39:04,-42.88,147.33,60.8,77,75,8.05
84,Saint-Pierre,RE,2020-12-26 14:44:01,-21.34,55.48,82.99,78,20,13.87
85,Lieksa,FI,2020-12-26 14:44:01,63.32,30.02,13.77,95,96,8.08
86,Severo-Kurilsk,RU,2020-12-26 14:38:56,50.68,156.12,22.73,95,93,16.71
87,Shitkino,RU,2020-12-26 14:44:02,56.37,98.35,-24.5,83,100,6.53
88,Memaliaj,AL,2020-12-26 14:44:02,40.35,19.98,53.01,96,100,5.01
89,Winslow,US,2020-12-26 14:44:02,35.02,-110.7,17.6,37,1,5.82
90,Bealanana,MG,2020-12-26 14:40:29,-14.55,48.73,70.36,85,100,3.15
91,Saquena,PE,2020-12-26 14:44:03,-4.67,-73.52,84.69,71,55,6.04
92,Vardo,NO,2020-12-26 14:40:16,70.37,31.11,15.8,72,20,8.05
93,Butaritari,KI,2020-12-26 14:38:51,3.07,172.79,80.74,79,16,14.25
94,Gisborne,NZ,2020-12-26 14:44:04,-38.65,178.0,54.79,83,93,12.08
95,Taltal,CL,2020-12-26 14:44:04,-25.4,-70.48,69.12,60,0,7.54
96,Thompson,CA,2020-12-26 14:39:06,55.74,-97.86,-22.0,74,75,3.36
97,Cabadiangan,PH,2020-12-26 14:44:04,9.75,122.47,77.0,87,100,3.65
98,Boa Vista,BR,2020-12-26 14:40:21,2.82,-60.67,82.4,69,90,5.82
99,Ust-Tsilma,RU,2020-12-26 14:40:07,65.44,52.15,-6.61,90,100,11.14
100,Dikson,RU,2020-12-26 14:38:49,73.51,80.55,-12.1,86,54,7.99
101,Ambilobe,MG,2020-12-26 14:39:09,-13.2,49.05,80.33,82,100,8.75
102,Saint-Philippe,RE,2020-12-26 14:38:56,-21.36,55.77,84.2,74,40,16.11
103,Tigil,RU,2020-12-26 14:44:06,57.8,158.67,-12.51,88,41,5.91
104,Vila Velha,BR,2020-12-26 14:42:56,-20.33,-40.29,82.4,69,40,6.93
105,Hilo,US,2020-12-26 14:38:58,19.73,-155.09,66.2,68,1,6.93
106,Nishihara,JP,2020-12-26 14:40:39,26.18,127.76,66.2,63,75,5.82
107,Patur,IN,2020-12-26 14:44:07,20.45,76.93,68.54,31,0,6.58
108,Camacha,PT,2020-12-26 14:44:07,33.08,-16.33,66.2,77,40,26.4
109,Sim,RU,2020-12-26 14:44:07,54.99,57.7,14.94,93,100,3.62
110,Mount Gambier,AU,2020-12-26 14:39:22,-37.83,140.77,69.8,43,98,12.75
111,Constitucion,CL,2020-12-26 14:40:09,-35.33,-72.42,70.29,51,23,11.03
112,Mahebourg,MU,2020-12-26 14:39:08,-20.41,57.7,80.6,83,40,13.87
113,Flinders,AU,2020-12-26 14:38:54,-34.58,150.86,68.0,86,79,3.0
114,Cherskiy,RU,2020-12-26 14:39:45,68.75,161.3,-32.94,78,21,7.34
115,Camabatela,AO,2020-12-26 14:44:08,-8.19,15.38,71.65,95,96,5.79
116,Alegrete,BR,2020-12-26 14:44:08,-29.78,-55.79,89.06,44,44,5.32
117,Lavrentiya,RU,2020-12-26 14:39:30,65.58,-171.0,7.36,89,87,10.87
118,Chino,US,2020-12-26 14:43:27,34.01,-117.69,48.2,70,1,0.87
119,Pisco,PE,2020-12-26 14:38:50,-13.7,-76.22,71.01,77,0,5.82
120,Ginir,ET,2020-12-26 14:40:12,7.13,40.7,66.22,34,3,7.45
121,Kapaa,US,2020-12-26 14:39:15,22.08,-159.32,73.4,83,75,20.8
122,Oriximina,BR,2020-12-26 14:40:38,-1.77,-55.87,79.95,86,80,1.28
123,Picos,BR,2020-12-26 14:40:24,-7.08,-41.47,95.16,30,5,7.92
124,Carnarvon,AU,2020-12-26 14:39:15,-24.87,113.63,75.2,100,75,21.92
125,Longyearbyen,SJ,2020-12-26 14:38:58,78.22,15.64,28.4,74,40,17.22
126,Filadelfia,US,2020-12-26 14:40:55,39.95,-75.16,28.0,45,40,21.92
127,Port Alfred,ZA,2020-12-26 14:39:18,-33.59,26.89,75.0,83,0,4.0
128,Ponta Do Sol,PT,2020-12-26 14:39:01,32.67,-17.1,71.01,77,75,18.34
129,San Lorenzo,PY,2020-12-26 14:44:11,-25.33,-57.53,84.2,66,75,3.36
130,Deputatskiy,RU,2020-12-26 14:44:11,69.3,139.9,-26.9,84,86,6.67
131,Provideniya,RU,2020-12-26 14:38:51,64.38,-173.3,16.9,84,100,10.83
132,Bengkulu,ID,2020-12-26 14:38:56,-3.8,102.27,78.22,86,100,4.56
133,Tabuk,PH,2020-12-26 14:39:54,17.42,121.44,73.87,86,100,1.92
134,Guerrero Negro,MX,2020-12-26 14:39:25,27.98,-114.06,55.11,42,0,2.46
135,Tiarei,PF,2020-12-26 14:44:12,-17.53,-149.33,78.8,83,75,8.05
136,Saskylakh,RU,2020-12-26 14:39:44,71.92,114.08,-13.09,88,100,13.98
137,Cidreira,BR,2020-12-26 14:39:43,-30.18,-50.21,76.48,72,99,14.25
138,Ilulissat,GL,2020-12-26 14:39:49,69.22,-51.1,3.11,92,74,3.36
139,Puerto Ayora,EC,2020-12-26 14:39:08,-0.74,-90.35,73.99,91,100,5.99
140,Faanui,PF,2020-12-26 14:39:50,-16.48,-151.75,80.33,74,100,9.35
141,Itarema,BR,2020-12-26 14:39:44,-2.92,-39.92,87.89,52,35,20.27
142,Santa Fe,AR,2020-12-26 14:41:10,-31.63,-60.7,93.0,46,0,1.99
143,Talnakh,RU,2020-12-26 14:39:20,69.49,88.4,-32.8,73,0,2.24
144,Ust-Kuyga,RU,2020-12-26 14:39:48,70.02,135.6,-28.17,83,99,2.77
145,Puerto Narino,CO,2020-12-26 14:44:14,-3.77,-70.38,80.6,88,75,9.17
146,Viedma,AR,2020-12-26 14:44:14,-40.81,-63.0,100.8,13,0,11.5
147,Robertsport,LR,2020-12-26 14:44:15,6.75,-11.37,81.36,79,69,5.39
148,Ust-Nera,RU,2020-12-26 14:40:21,64.57,143.2,-29.63,74,100,4.18
149,Kidal,ML,2020-12-26 14:44:15,18.44,1.41,82.42,14,100,12.08
150,East London,ZA,2020-12-26 14:36:13,-33.02,27.91,78.8,65,40,14.99
151,Lamu,KE,2020-12-26 14:44:15,-2.27,40.9,80.58,76,43,20.47
152,Bobcaygeon,CA,2020-12-26 14:44:16,44.55,-78.54,23.0,100,90,5.82
153,Mmabatho,ZA,2020-12-26 14:44:16,-25.85,25.63,89.6,38,40,3.36
154,Airai,TL,2020-12-26 14:38:59,-8.93,125.41,61.7,100,100,0.27
155,Karratha,AU,2020-12-26 14:40:47,-20.74,116.85,84.4,62,1,10.85
156,Madimba,TZ,2020-12-26 14:44:17,-10.4,40.33,82.4,78,40,13.87
157,Dicabisagan,PH,2020-12-26 14:44:17,17.08,122.42,78.33,84,100,6.29
158,Zhumadian,CN,2020-12-26 14:44:17,32.98,114.03,44.01,77,100,3.6
159,Bell Ville,AR,2020-12-26 14:44:17,-32.63,-62.69,91.0,41,0,1.99
160,Norman Wells,CA,2020-12-26 14:38:55,65.28,-126.83,-2.2,84,5,6.93
161,Vao,NC,2020-12-26 14:39:42,-22.67,167.48,77.11,77,88,9.48
162,Uspenskoye,RU,2020-12-26 14:44:18,44.83,41.39,44.6,33,0,8.95
163,Kovvur,IN,2020-12-26 14:44:18,17.02,81.73,75.2,69,0,8.05
164,Trunovskoye,RU,2020-12-26 14:44:18,45.49,42.14,44.6,33,0,8.95
165,Baruun-Urt,MN,2020-12-26 14:44:19,46.68,113.28,-4.07,89,0,5.82
166,El Dorado,US,2020-12-26 14:44:19,38.77,-120.52,45.0,96,100,1.01
167,Kavieng,PG,2020-12-26 14:39:30,-2.57,150.8,83.64,70,57,7.02
168,Pevek,RU,2020-12-26 14:44:19,69.7,170.31,-25.98,81,0,6.29
169,Sao Joao Da Barra,BR,2020-12-26 14:44:19,-21.64,-41.05,80.6,69,75,7.81
170,Laguna,US,2020-12-26 14:39:11,38.42,-121.42,50.0,87,1,8.05
171,Kiruna,SE,2020-12-26 14:44:20,67.86,20.23,3.2,91,100,2.24
172,Nanortalik,GL,2020-12-26 14:39:07,60.14,-45.24,21.33,83,22,17.13
173,Asau,RO,2020-12-26 14:38:51,46.43,26.4,34.0,81,100,3.27
174,Richards Bay,ZA,2020-12-26 14:35:26,-28.78,32.04,85.1,67,0,15.66
175,Lodhran,PK,2020-12-26 14:44:20,29.54,71.63,62.38,29,51,4.59
176,Pecos,US,2020-12-26 14:44:21,31.42,-103.49,28.4,25,1,9.26
177,Victoria,HK,2020-12-26 14:33:50,22.29,114.16,66.99,84,5,1.99
178,Nirmal,IN,2020-12-26 14:44:21,19.1,78.35,65.39,37,0,4.27
179,Puerto Leguizamo,CO,2020-12-26 14:44:21,-0.19,-74.78,80.51,70,95,3.71
180,Monteprandone,IT,2020-12-26 14:44:21,42.92,13.84,43.0,91,100,1.99
181,Santa Maria,BR,2020-12-26 14:42:39,-29.68,-53.81,82.4,61,40,6.93
182,Nizwa,OM,2020-12-26 14:44:22,22.93,57.53,63.48,60,8,7.47
183,Raga,SS,2020-12-26 14:44:22,8.46,25.68,94.73,17,8,7.74
184,Inta,RU,2020-12-26 14:44:22,66.03,60.17,-13.07,80,54,15.32
185,Zagora,MA,2020-12-26 14:44:23,30.35,-5.84,65.62,27,0,3.0
186,Kyaiklat,MM,2020-12-26 14:44:23,16.43,95.73,78.8,78,0,5.82
187,Santo Antonio Do Sudoeste,BR,2020-12-26 14:44:23,-26.07,-53.73,86.83,43,74,2.86
188,Chokurdakh,RU,2020-12-26 14:38:50,70.63,147.92,-15.84,90,100,6.44
189,Margate,GB,2020-12-26 14:40:41,51.38,1.39,48.99,77,100,8.01
190,Vila Franca Do Campo,PT,2020-12-26 14:38:59,37.72,-25.43,59.0,72,75,17.22
191,Vitim,RU,2020-12-26 14:44:24,59.45,112.56,-31.49,80,100,2.06
192,Nisia Floresta,BR,2020-12-26 14:44:24,-6.09,-35.21,86.0,62,40,20.8
193,Praia,CV,2020-12-26 14:44:24,14.92,-23.51,78.8,61,0,12.75
194,Belaya Gora,RU,2020-12-26 14:44:24,68.53,146.42,-20.27,87,100,10.02
195,Agadir,MA,2020-12-26 14:44:24,30.42,-9.6,78.8,27,0,7.61
196,Kribi,CM,2020-12-26 14:44:25,2.95,9.92,83.43,70,64,8.23
197,Iringa,TZ,2020-12-26 14:44:25,-7.77,35.7,66.2,93,90,8.05
198,College,US,2020-12-26 14:44:25,64.86,-147.8,6.01,69,20,1.34
199,Mayna,RU,2020-12-26 14:44:25,54.11,47.62,21.09,98,100,16.28
200,Shirokiy,RU,2020-12-26 14:44:25,49.76,129.52,-17.91,84,0,3.89
201,Rindge,US,2020-12-26 14:44:26,42.75,-72.01,27.0,63,90,6.93
202,Mackay,AU,2020-12-26 14:44:26,-21.15,149.2,77.0,78,90,17.22
203,Hofn,IS,2020-12-26 14:38:51,64.25,-15.21,29.28,89,71,15.93
204,Najran,SA,2020-12-26 14:39:46,17.49,44.13,69.8,35,0,8.05
205,Atuona,PF,2020-12-26 14:39:12,-9.8,-139.03,77.81,73,76,9.75
206,Ahipara,NZ,2020-12-26 14:40:13,-35.17,173.17,56.21,79,0,7.96
207,Pontal Do Parana,BR,2020-12-26 14:44:27,-25.65,-48.51,75.99,57,40,10.29
208,Le Port,RE,2020-12-26 14:40:33,-20.94,55.29,80.6,78,75,19.46
209,Hailey,US,2020-12-26 14:44:22,43.52,-114.32,30.2,100,90,3.83
210,Haines Junction,CA,2020-12-26 14:39:46,60.75,-137.51,5.31,89,99,1.95
211,Paamiut,GL,2020-12-26 14:44:28,61.99,-49.67,20.41,79,61,16.67
212,Kutum,SD,2020-12-26 14:38:53,14.2,24.67,78.31,19,8,11.65
213,Puerto Maldonado,PE,2020-12-26 14:44:28,-12.6,-69.18,75.2,100,90,8.05
214,Pahrump,US,2020-12-26 14:44:28,36.21,-115.98,39.0,20,1,5.82
215,Salym,RU,2020-12-26 14:39:33,60.06,71.48,-29.83,83,17,6.93
216,Tabou,CI,2020-12-26 14:39:56,4.42,-7.35,81.88,80,64,7.81
217,Flin Flon,CA,2020-12-26 14:39:40,54.77,-101.86,12.2,85,90,2.71
218,Iranduba,BR,2020-12-26 14:44:29,-3.28,-60.19,84.2,79,40,3.36
219,Victor Harbor,AU,2020-12-26 14:39:09,-35.57,138.62,72.0,42,100,9.71
220,Camana,PE,2020-12-26 14:39:47,-16.62,-72.71,72.82,73,100,6.22
221,Kaitangata,NZ,2020-12-26 14:39:06,-46.28,169.85,46.0,75,8,5.01
222,Kyshtovka,RU,2020-12-26 14:44:30,56.55,76.63,-23.28,85,100,3.85
223,North Bend,US,2020-12-26 14:40:44,43.41,-124.22,46.99,86,40,4.7
224,Ancud,CL,2020-12-26 14:44:31,-41.87,-73.82,68.0,87,75,9.17
225,Nemuro,JP,2020-12-26 14:39:05,43.32,145.57,21.16,84,18,25.64
226,Dodoma,TZ,2020-12-26 14:44:31,-6.17,35.74,71.6,83,75,5.64
227,Gazojak,TM,2020-12-26 14:44:31,41.19,61.4,25.97,87,0,9.06
228,Batagay-Alyta,RU,2020-12-26 14:40:50,67.8,130.41,-21.23,80,31,2.86
229,Muli,MV,2020-12-26 14:44:32,2.92,73.57,82.72,75,25,9.08
230,Esperance,AU,2020-12-26 14:38:53,-33.87,121.9,59.0,87,75,14.99
231,Codrington,AU,2020-12-26 14:39:19,-38.27,141.97,66.29,49,100,9.24
232,Clyde River,CA,2020-12-26 14:39:34,70.47,-68.59,-20.2,75,0,3.36
233,Kardla,EE,2020-12-26 14:44:33,59.0,22.75,32.0,88,100,1.01
234,Lerwick,GB,2020-12-26 14:39:53,60.15,-1.15,44.6,87,75,33.33
235,Cabo San Lucas,MX,2020-12-26 14:39:39,22.89,-109.91,59.0,77,5,4.7
236,Katsuura,JP,2020-12-26 14:39:05,35.13,140.3,46.99,52,75,8.05
237,Dromolaxia,CY,2020-12-26 14:44:34,34.88,33.59,62.6,59,20,12.75
238,Noyabrsk,RU,2020-12-26 14:41:51,63.2,75.45,-39.96,81,8,3.33
239,Lagoa,PT,2020-12-26 14:40:16,39.05,-27.98,58.32,74,52,25.86
240,Bilibino,RU,2020-12-26 14:40:19,68.05,166.44,-30.41,76,40,2.75
241,Ossora,RU,2020-12-26 14:39:14,59.24,163.07,9.41,95,100,9.26
242,Fort Nelson,CA,2020-12-26 14:39:00,58.81,-122.7,-9.4,83,90,2.24
243,Grindavik,IS,2020-12-26 14:40:29,63.84,-22.43,26.6,86,75,6.93
244,Berlevag,NO,2020-12-26 14:44:35,70.86,29.09,18.9,90,28,21.68
245,Port Hedland,AU,2020-12-26 14:39:02,-20.32,118.57,86.0,74,0,8.05
246,Comodoro Rivadavia,AR,2020-12-26 14:44:35,-45.87,-67.5,82.4,32,0,20.8
247,Ponferrada,ES,2020-12-26 14:44:36,42.55,-6.6,44.01,62,3,1.01
248,Atbasar,KZ,2020-12-26 14:44:36,51.8,68.33,-8.64,90,0,5.93
249,Namatanai,PG,2020-12-26 14:44:36,-3.67,152.43,81.41,71,84,4.68
250,Mandalgovi,MN,2020-12-26 14:44:36,45.76,106.27,4.19,77,25,4.12
251,Suhbaatar,MN,2020-12-26 14:44:36,50.23,106.21,-1.77,88,100,9.44
252,Swellendam,ZA,2020-12-26 14:44:37,-34.02,20.44,80.6,51,0,14.99
253,Bethel,US,2020-12-26 14:39:11,41.37,-73.41,24.8,53,1,12.75
254,Pangnirtung,CA,2020-12-26 14:39:17,66.15,-65.71,-6.11,71,1,3.04
255,Quelimane,MZ,2020-12-26 14:44:37,-17.88,36.89,89.6,66,40,13.87
256,Mporokoso,ZM,2020-12-26 14:44:37,-9.37,30.12,70.63,91,99,3.85
257,Manokwari,ID,2020-12-26 14:44:38,-0.87,134.08,80.06,78,100,5.61
258,Shaping,CN,2020-12-26 14:44:38,22.75,112.96,66.99,83,26,3.0
259,Riyadh,SA,2020-12-26 14:44:38,24.69,46.72,59.0,16,0,6.93
260,Kaeo,NZ,2020-12-26 14:40:45,-35.1,173.78,55.0,80,4,5.01
261,Keti Bandar,PK,2020-12-26 14:44:38,24.14,67.45,69.21,62,0,12.5
262,Papara,BR,2020-12-26 14:44:39,-3.98,-38.73,87.8,58,40,24.16
263,Kudahuvadhoo,MV,2020-12-26 14:44:39,2.67,72.89,82.83,72,11,6.04
264,Faya,SA,2020-12-26 14:44:39,18.39,42.45,66.2,42,0,11.41
265,Kyra,RU,2020-12-26 14:44:39,49.58,111.98,-3.59,85,1,4.76
266,San Patricio,US,2020-12-26 14:39:44,28.02,-97.52,46.99,44,75,3.36
267,Saravan,AM,2020-12-26 14:44:40,39.72,45.65,30.2,63,40,4.7
268,Bradley,US,2020-12-26 14:44:40,35.15,-84.87,21.2,100,1,0.69
269,Boromlya,UA,2020-12-26 14:44:40,50.62,34.97,28.6,98,82,5.55
270,Amahai,ID,2020-12-26 14:44:41,-3.33,128.92,84.99,89,100,3.44
271,Port Lincoln,AU,2020-12-26 14:38:56,-34.73,135.87,74.05,44,100,12.01
272,Praya,CV,2020-12-26 14:44:24,14.92,-23.51,78.8,61,0,12.75
273,Mizdah,LY,2020-12-26 14:44:41,31.45,12.98,63.95,31,100,12.46
274,Souillac,MU,2020-12-26 14:39:10,-20.52,57.52,80.6,83,40,13.87
275,Buluang,PH,2020-12-26 14:44:42,13.31,123.34,75.9,95,100,0.83
276,Buala,SB,2020-12-26 14:44:42,-8.14,159.59,79.99,81,95,4.32
277,Tagusao,PH,2020-12-26 14:39:27,9.19,117.81,76.68,89,100,8.75
278,Bathsheba,BB,2020-12-26 14:39:11,13.22,-59.52,84.2,66,20,16.11
279,Salisbury,GB,2020-12-26 14:44:42,51.07,-1.8,48.99,93,100,16.11
280,Alofi,NU,2020-12-26 14:39:59,-19.06,-169.92,69.8,100,6,8.86
281,Kampong Thum,KH,2020-12-26 14:41:11,12.71,104.89,78.01,70,55,1.97
282,Innisfail,AU,2020-12-26 14:44:43,-17.53,146.03,76.15,89,100,3.67
283,Huanren,CN,2020-12-26 14:44:43,41.26,125.37,19.89,74,2,3.85
284,Goderich,CA,2020-12-26 14:44:43,43.75,-81.72,26.6,79,100,19.46
285,Pathein,MM,2020-12-26 14:44:44,16.78,94.73,74.19,79,0,6.64
286,Cuamba,MZ,2020-12-26 14:44:44,-14.8,36.54,79.77,83,74,2.53
287,Lazaro Cardenas,MX,2020-12-26 14:44:44,17.96,-102.2,75.58,78,37,4.12
288,Lorengau,PG,2020-12-26 14:44:44,-2.02,147.27,81.57,74,100,0.65
289,Masallatah,LY,2020-12-26 14:44:44,32.62,14.0,65.26,43,100,7.4
290,Raudeberg,NO,2020-12-26 14:39:04,61.99,5.14,41.0,87,100,23.24
291,Hasaki,JP,2020-12-26 14:39:13,35.73,140.83,33.8,69,20,4.7
292,Ukiah,US,2020-12-26 14:44:45,39.15,-123.21,48.2,87,90,2.39
293,Makakilo City,US,2020-12-26 14:41:29,21.35,-158.09,73.4,88,90,12.53
294,Jumla,NP,2020-12-26 14:44:45,29.27,82.18,39.6,55,84,4.47
295,Adrar,MR,2020-12-26 14:44:46,20.5,-10.07,86.76,15,80,5.23
296,Kyrylivka,UA,2020-12-26 14:44:46,46.38,35.37,43.48,88,100,6.87
297,Gumdag,TM,2020-12-26 14:44:46,39.21,54.59,37.98,74,0,6.55
298,Visby,SE,2020-12-26 14:44:46,57.64,18.3,34.0,86,40,6.93
299,Srednekolymsk,RU,2020-12-26 14:40:02,67.45,153.68,-25.67,86,99,8.52
300,Matara,LK,2020-12-26 14:44:46,5.95,80.54,77.13,85,89,2.08
301,Guymon,US,2020-12-26 14:42:19,36.68,-101.48,21.2,73,1,8.05
302,Arlit,NE,2020-12-26 14:44:47,18.74,7.39,78.33,16,34,7.07
303,Upernavik,GL,2020-12-26 14:39:05,72.79,-56.15,-11.04,88,15,11.83
304,Bonthe,SL,2020-12-26 14:44:47,7.53,-12.51,85.89,63,71,11.92
305,Sao Gabriel Da Cachoeira,BR,2020-12-26 14:44:47,-0.13,-67.09,78.8,83,75,2.24
306,Seymchan,RU,2020-12-26 14:44:48,62.88,152.43,-40.77,79,64,1.72
307,Loksa,EE,2020-12-26 14:44:48,59.58,25.72,33.01,96,90,4.7
308,Murray Bridge,AU,2020-12-26 14:44:48,-35.12,139.27,75.99,36,98,4.61
309,Aketi,CD,2020-12-26 14:44:48,2.74,23.78,93.06,38,20,2.84
310,Kungurtug,RU,2020-12-26 14:44:48,50.6,97.52,-11.52,81,64,2.3
311,Kamenka,RU,2020-12-26 14:44:49,51.32,42.77,33.01,96,100,11.77
312,Pacific Grove,US,2020-12-26 14:34:25,36.62,-121.92,55.99,87,90,6.93
313,Kibaya,TZ,2020-12-26 14:44:49,-5.3,36.57,66.56,89,88,1.66
314,Tongliao,CN,2020-12-26 14:44:49,43.61,122.27,4.06,93,1,5.26
315,Selma,US,2020-12-26 14:44:28,36.57,-119.61,53.6,93,90,9.17
316,Macusani,PE,2020-12-26 14:40:44,-14.08,-70.43,46.36,69,100,4.72
317,Belle Glade,US,2020-12-26 14:44:50,26.68,-80.67,48.99,70,100,5.01
318,Angoche,MZ,2020-12-26 14:44:50,-16.23,39.91,85.39,67,92,9.69
319,Lasa,IT,2020-12-26 14:39:46,46.62,10.7,34.0,58,5,9.17
320,Tilichiki,RU,2020-12-26 14:39:04,60.47,166.1,3.43,94,57,8.43
321,Taikang,CN,2020-12-26 14:44:51,46.83,124.42,-0.92,89,57,4.72
322,Teahupoo,PF,2020-12-26 14:44:51,-17.83,-149.27,78.8,83,75,8.05
323,Port Hardy,CA,2020-12-26 14:39:28,50.7,-127.42,44.6,93,90,11.41
324,Tasiilaq,GL,2020-12-26 14:39:37,65.61,-37.64,21.2,57,0,25.1
325,Wajima,JP,2020-12-26 14:44:52,37.4,136.9,44.15,75,98,5.48
326,Samarai,PG,2020-12-26 14:39:34,-10.62,150.67,83.62,74,99,9.53
327,Great Yarmouth,GB,2020-12-26 14:37:18,52.61,1.73,46.4,87,75,14.99
328,Pasighat,IN,2020-12-26 14:44:52,28.07,95.33,59.59,52,0,4.18
329,Atambua,ID,2020-12-26 14:44:53,-9.11,124.89,74.98,89,100,3.91
330,Bayan,CN,2020-12-26 14:40:25,46.08,127.4,-3.32,87,93,5.93
331,Poum,NC,2020-12-26 14:44:53,-20.23,164.02,79.59,79,0,16.42
332,Onguday,RU,2020-12-26 14:44:53,50.75,86.15,-4.94,85,95,0.49
333,Povenets,RU,2020-12-26 14:44:53,62.85,34.83,6.17,93,81,8.81
334,Ambulu,ID,2020-12-26 14:44:54,-8.35,113.61,77.74,81,99,1.3
335,Asasa,ET,2020-12-26 14:44:54,7.1,39.2,63.21,32,37,8.39
336,Necochea,AR,2020-12-26 14:44:54,-38.55,-58.74,88.0,50,0,10.8
337,Vila Do Maio,CV,2020-12-26 14:39:53,15.13,-23.22,78.8,61,0,12.75
338,Rudnik,PL,2020-12-26 14:44:54,49.85,19.85,35.01,69,75,9.17
339,Chubbuck,US,2020-12-26 14:44:55,42.92,-112.47,37.4,59,90,3.36
340,Carbonia,IT,2020-12-26 14:44:55,39.17,8.52,50.0,81,40,13.87
341,Tanete,ID,2020-12-26 14:44:55,-3.94,119.78,78.19,81,99,2.3
342,Durban,ZA,2020-12-26 14:40:20,-29.86,31.03,78.01,78,75,8.05
343,Rock Springs,US,2020-12-26 14:44:56,41.59,-109.2,21.2,57,90,6.93
344,Banda Aceh,ID,2020-12-26 14:39:48,5.56,95.32,79.99,77,100,2.26
345,Porto Santo,PT,2020-12-26 14:39:51,33.07,-16.34,66.2,77,40,26.4
346,Sal Rei,CV,2020-12-26 14:44:56,16.18,-22.92,75.2,64,75,6.93
347,Maine-Soroa,NE,2020-12-26 14:44:56,13.21,12.02,83.71,18,49,12.62
348,Mount Isa,AU,2020-12-26 14:43:31,-20.73,139.5,80.6,74,78,6.93
349,Marrakesh,MA,2020-12-26 14:43:36,31.63,-8.01,73.4,23,0,3.36
350,Feijo,BR,2020-12-26 14:44:57,-8.16,-70.35,83.95,66,87,3.83
351,Funadhoo,MV,2020-12-26 14:44:57,6.15,73.27,81.41,81,0,13.6
352,Teya,RU,2020-12-26 14:44:57,60.38,92.63,-35.68,77,1,0.04
353,Port-Gentil,GA,2020-12-26 14:40:12,-0.72,8.78,86.0,74,40,12.75
354,La Mana,EC,2020-12-26 14:44:58,-0.93,-79.22,53.6,76,75,8.05
355,Gat,IL,2020-12-26 14:39:57,31.61,34.76,66.0,42,0,5.99
356,La Ronge,CA,2020-12-26 14:44:58,55.1,-105.28,6.8,84,36,2.24
357,Mabaruma,GY,2020-12-26 14:44:58,8.2,-59.78,84.65,65,43,4.97
358,Ca Mau,VN,2020-12-26 14:44:59,9.18,105.15,75.76,89,46,5.99
359,Saldanha,ZA,2020-12-26 14:39:53,-33.01,17.94,77.0,53,21,17.22
360,Ziro,IN,2020-12-26 14:44:59,27.63,93.83,36.18,100,0,1.28
361,Umm Kaddadah,SD,2020-12-26 14:44:59,13.6,26.69,82.17,17,16,15.84
362,Dunedin,NZ,2020-12-26 14:38:55,-45.87,170.5,46.99,79,32,7.0
363,Cabedelo,BR,2020-12-26 14:39:36,-6.98,-34.83,86.0,58,75,16.11
364,Bouca,CF,2020-12-26 14:45:00,6.51,18.27,96.91,15,12,5.66
365,El Alto,PE,2020-12-26 14:45:00,-4.27,-81.21,71.6,73,0,17.22
366,Ostrovnoy,RU,2020-12-26 14:45:00,68.05,39.51,11.43,92,100,16.17
367,Coahuayana,MX,2020-12-26 14:45:00,18.73,-103.68,69.8,37,20,2.51
368,Chadan,RU,2020-12-26 14:45:01,51.28,91.58,-10.46,81,1,1.03
369,Port Elizabeth,ZA,2020-12-26 14:39:08,-33.92,25.57,77.0,53,0,13.87
370,Manuk Mangkaw,PH,2020-12-26 14:45:02,4.8,119.85,80.82,79,79,8.59
371,Nago,JP,2020-12-26 14:35:11,26.59,127.98,62.6,72,40,5.82
372,Santona,ES,2020-12-26 14:42:48,43.44,-3.46,48.99,87,75,5.82
373,Olafsvik,IS,2020-12-26 14:40:27,64.89,-23.71,30.13,90,95,13.71
374,Rocha,UY,2020-12-26 14:45:03,-34.48,-54.33,81.46,45,91,15.01
375,Sebeta,ET,2020-12-26 14:45:03,8.92,38.62,62.15,40,39,11.32
376,Diego De Almagro,CL,2020-12-26 14:45:03,-26.37,-70.05,78.8,20,0,8.88
377,Chifeng,CN,2020-12-26 14:45:04,42.27,118.96,11.03,89,0,4.63
378,Brewster,US,2020-12-26 14:45:04,41.4,-73.62,26.01,53,1,12.75
379,Henties Bay,NA,2020-12-26 14:40:22,-22.12,14.28,69.01,79,8,5.01
380,Tres Arroyos,AR,2020-12-26 14:45:04,-38.37,-60.28,94.62,22,0,5.21
381,Yatou,CN,2020-12-26 14:45:05,37.15,122.38,41.13,85,100,9.04
382,Salalah,OM,2020-12-26 14:39:40,17.02,54.09,80.6,32,0,18.34
383,Dalgopol,BG,2020-12-26 14:45:05,43.05,27.35,46.4,93,90,4.7
384,Prince Rupert,CA,2020-12-26 14:42:11,54.32,-130.32,41.0,86,90,5.82
385,Paita,PE,2020-12-26 14:45:05,-5.09,-81.11,71.6,73,0,17.22
386,The Valley,AI,2020-12-26 14:45:06,18.22,-63.06,80.6,69,40,9.17
387,Bam,IR,2020-12-26 14:39:34,29.11,58.36,42.39,48,0,8.99
388,Oussouye,SN,2020-12-26 14:45:06,12.48,-16.55,87.8,43,0,6.93
389,Half Moon Bay,US,2020-12-26 14:45:06,37.46,-122.43,53.6,87,40,6.93
390,Meulaboh,ID,2020-12-26 14:40:23,4.14,96.13,77.58,85,100,8.52
391,Guangyuan,CN,2020-12-26 14:45:07,32.44,105.82,44.01,99,1,1.01
392,Buraydah,SA,2020-12-26 14:45:07,26.33,43.98,59.0,30,40,12.75
393,Broken Hill,AU,2020-12-26 14:38:57,-31.95,141.43,80.6,21,47,8.05
394,Majene,ID,2020-12-26 14:42:03,-3.54,118.97,78.21,81,100,2.68
395,Bambanglipuro,ID,2020-12-26 14:45:08,-7.95,110.28,77.83,83,100,1.83
396,Tual,ID,2020-12-26 14:45:09,-5.67,132.75,82.26,78,100,9.71
397,Liptovsky Hradok,SK,2020-12-26 14:45:09,49.04,19.72,34.0,63,40,16.11
398,Fuerte Olimpo,PY,2020-12-26 14:45:09,-21.04,-57.87,101.55,22,83,3.67
399,Padang,ID,2020-12-26 14:45:10,-0.95,100.35,79.77,73,100,3.83
400,Disna,BY,2020-12-26 14:45:10,55.57,28.2,29.89,98,99,9.42
401,Kuito,AO,2020-12-26 14:45:10,-12.38,16.93,72.12,82,100,5.03
402,Pidhaytsi,UA,2020-12-26 14:45:10,49.27,25.13,36.0,64,75,6.71
403,Kahului,US,2020-12-26 14:39:03,20.89,-156.47,73.4,69,1,9.17
404,Kaseda,JP,2020-12-26 14:45:11,31.42,130.32,37.0,59,9,5.01
405,Aripuana,BR,2020-12-26 14:40:50,-9.17,-60.63,73.17,99,100,3.94
406,Rantoul,US,2020-12-26 14:45:11,40.31,-88.16,21.2,73,1,6.93
407,Dillon,US,2020-12-26 14:40:50,34.42,-79.37,34.0,63,1,4.65
408,Tocopilla,CL,2020-12-26 14:40:40,-22.09,-70.2,71.28,58,95,5.59
409,Kedgwick,CA,2020-12-26 14:45:12,47.64,-67.34,38.41,86,100,10.98
410,Cozumel,MX,2020-12-26 14:40:20,20.51,-86.95,71.6,60,5,13.87
411,Guanica,PR,2020-12-26 14:40:30,17.97,-66.91,81.0,68,5,5.99
412,Coro,VE,2020-12-26 14:45:12,11.4,-69.67,83.03,61,2,6.96
413,Saeby,DK,2020-12-26 14:45:12,57.33,10.52,39.99,96,100,3.0
414,Luderitz,NA,2020-12-26 14:39:36,-26.65,15.16,73.4,64,1,26.4
415,Garachine,PA,2020-12-26 14:45:13,8.06,-78.36,79.52,79,83,6.87
416,Klaksvik,FO,2020-12-26 14:45:13,62.23,-6.59,37.4,100,100,8.05
417,Lagos,NG,2020-12-26 14:42:23,6.58,3.75,91.35,35,37,6.33
418,Bac Lieu,VN,2020-12-26 14:45:13,9.29,105.72,77.34,86,47,11.25
419,Naron,ES,2020-12-26 14:39:42,43.52,-8.15,54.0,66,12,6.96
420,Puerto Madryn,AR,2020-12-26 14:45:14,-42.77,-65.04,75.74,48,24,7.07
421,Chengde,CN,2020-12-26 14:45:14,40.97,117.94,20.17,86,0,3.4
422,Saint George,US,2020-12-26 14:39:23,37.1,-113.58,26.6,38,1,3.36
423,Labuhan,ID,2020-12-26 14:45:14,-6.88,112.21,79.72,79,31,6.96
424,Dhidhdhoo,MV,2020-12-26 14:45:15,6.88,73.1,81.43,80,0,12.86
425,Axim,GH,2020-12-26 14:45:15,4.87,-2.24,84.11,71,43,8.63
426,Kisangani,CD,2020-12-26 14:45:15,0.52,25.2,88.7,56,97,1.14
427,Basoko,CD,2020-12-26 14:45:15,1.24,23.62,86.41,57,63,0.36
428,Muros,ES,2020-12-26 14:45:16,42.78,-9.06,54.0,57,0,5.99
429,Nome,US,2020-12-26 14:45:16,64.5,-165.41,24.8,85,90,18.34
430,Marawi,PH,2020-12-26 14:39:47,8.0,124.29,75.0,96,96,1.01
431,Williamsport,US,2020-12-26 14:45:16,41.24,-77.0,21.0,62,90,12.75
432,Mehamn,NO,2020-12-26 14:40:25,71.04,27.85,17.94,89,7,26.06
433,Mogadishu,SO,2020-12-26 14:40:06,2.04,45.34,79.72,70,5,22.66
434,Ismailia,EG,2020-12-26 14:45:17,30.6,32.27,64.83,58,0,11.23
435,Ixtapa,MX,2020-12-26 14:40:32,20.7,-105.2,59.0,93,5,4.7
436,Atar,MR,2020-12-26 14:39:53,20.52,-13.05,87.8,13,64,9.55
437,Anadyr,RU,2020-12-26 14:45:17,64.75,177.48,-27.4,67,0,15.66
438,Okoneshnikovo,RU,2020-12-26 14:45:18,54.84,75.08,-19.59,87,100,5.46
439,Hulan,CN,2020-12-26 14:45:18,45.98,126.6,5.0,71,81,4.47
440,Vestmannaeyjar,IS,2020-12-26 14:38:57,63.44,-20.27,26.6,92,20,10.29
441,Fortuna,US,2020-12-26 14:40:33,40.6,-124.16,48.99,93,90,3.36
442,Port Augusta,AU,2020-12-26 14:45:19,-32.5,137.77,79.0,47,96,3.36
443,Del Rio,US,2020-12-26 14:45:19,29.36,-100.9,44.6,30,1,5.82
444,Tawang,IN,2020-12-26 14:45:19,27.58,91.87,34.03,81,1,3.47
445,Mazamari,PE,2020-12-26 14:45:19,-11.33,-74.53,73.8,82,100,1.99
446,Totolapa,MX,2020-12-26 14:45:20,18.52,-96.18,63.0,93,90,4.27
447,Pitsunda,GE,2020-12-26 14:45:20,43.16,40.34,51.8,62,75,8.95
448,Lourdes,FR,2020-12-26 14:45:20,43.1,-0.05,42.8,60,0,10.29
449,Saint-Georges,GD,2020-12-26 14:45:20,12.06,-61.75,84.2,70,20,19.46
450,Bato,PH,2020-12-26 14:45:20,13.35,123.37,76.03,95,100,1.34
451,Werda,BW,2020-12-26 14:45:21,-25.27,23.28,94.53,19,52,10.27
452,Sedhiou,SN,2020-12-26 14:45:21,12.71,-15.56,101.97,10,3,7.87
453,Vila,PT,2020-12-26 14:45:21,42.03,-8.16,48.0,59,0,4.0
454,Itaituba,BR,2020-12-26 14:45:21,-4.28,-55.98,84.2,79,40,5.82
455,Kailua,US,2020-12-26 14:45:22,21.4,-157.74,73.4,81,75,11.41
456,Saint Anthony,US,2020-12-26 14:45:22,45.02,-93.22,17.6,85,90,4.7
457,Tuy Hoa,VN,2020-12-26 14:37:58,13.08,109.3,74.08,90,66,6.44
458,Minab,IR,2020-12-26 14:45:22,27.15,57.08,68.0,24,0,11.41
459,Vagur,FO,2020-12-26 14:45:22,61.47,-6.81,42.76,82,100,21.16
460,Moradabad,IN,2020-12-26 14:44:15,28.83,78.78,57.72,37,100,5.64
461,Lompoc,US,2020-12-26 14:39:44,34.64,-120.46,48.99,93,90,6.8
462,Calabar,NG,2020-12-26 14:39:30,4.95,8.32,89.8,48,98,6.35
463,Asfi,MA,2020-12-26 14:45:23,32.3,-9.24,67.87,53,0,11.63
464,Noumea,NC,2020-12-26 14:43:49,-22.28,166.46,75.2,83,90,7.43
465,Fairbanks,US,2020-12-26 14:40:38,64.84,-147.72,6.01,69,20,1.3
466,Westport,US,2020-12-26 14:41:30,41.14,-73.36,27.0,53,1,16.11
467,Betare Oya,CM,2020-12-26 14:45:24,5.6,14.08,95.47,19,67,5.68
468,Tessalit,ML,2020-12-26 14:39:15,20.2,1.01,81.55,15,89,9.35
469,Iglesias,IT,2020-12-26 14:45:25,39.31,8.54,50.0,81,40,13.87
470,Gerede,TR,2020-12-26 14:45:25,40.8,32.2,38.14,85,100,6.15
471,Inhambane,MZ,2020-12-26 14:45:25,-23.86,35.38,84.2,79,40,9.17
472,Altamira,BR,2020-12-26 14:45:25,-3.2,-52.21,80.6,88,90,8.05
473,Carutapera,BR,2020-12-26 14:45:25,-1.2,-46.02,88.29,55,94,10.51
474,Sinnamary,GF,2020-12-26 14:39:49,5.38,-52.95,83.41,71,95,8.86
475,Puerto Escondido,MX,2020-12-26 14:40:32,15.85,-97.07,71.6,94,75,8.05
476,Piacabucu,BR,2020-12-26 14:45:26,-10.41,-36.43,84.79,55,14,16.98
477,Huarmey,PE,2020-12-26 14:39:34,-10.07,-78.15,72.3,73,84,7.02
478,Washougal,US,2020-12-26 14:45:26,45.58,-122.35,45.0,86,75,9.17
479,Roma,US,2020-12-26 14:45:27,43.21,-75.46,26.01,68,90,11.41
480,Sandy Bay,AU,2020-12-26 14:45:27,-42.91,147.35,60.8,77,75,8.05
481,Port Macquarie,AU,2020-12-26 14:40:38,-31.43,152.92,66.0,97,100,12.21
482,Elko,US,2020-12-26 14:45:07,41.0,-115.5,30.0,79,90,4.09
483,Mildura,AU,2020-12-26 14:45:28,-34.2,142.15,75.2,29,0,4.7
484,Ucluelet,CA,2020-12-26 14:42:40,48.93,-125.55,45.0,92,100,7.0
485,Pangody,RU,2020-12-26 14:39:13,65.85,74.49,-39.37,81,7,3.44
486,Siteki,SZ,2020-12-26 14:45:28,-26.45,31.95,81.61,63,0,10.29
487,Vorozhba,UA,2020-12-26 14:45:29,51.17,34.22,27.48,98,100,6.46
488,Egvekinot,RU,2020-12-26 14:45:29,66.32,-179.17,4.86,88,8,13.11
489,Kuusamo,FI,2020-12-26 14:45:29,65.97,29.18,-2.2,84,20,4.7
490,Zhezkazgan,KZ,2020-12-26 14:45:29,47.8,67.71,2.41,92,23,9.42
491,Sydney,AU,2020-12-26 14:44:49,-33.87,151.21,68.0,77,75,5.82
492,Santa Vitoria Do Palmar,BR,2020-12-26 14:45:30,-33.52,-53.37,77.4,58,95,14.29
493,Kheri,IN,2020-12-26 14:40:51,27.9,80.8,58.84,35,100,4.9
494,Dakar,SN,2020-12-26 14:42:56,14.69,-17.44,78.8,65,0,13.87
495,Payo,ID,2020-12-26 14:45:30,-3.75,103.64,75.74,94,100,1.05
496,Poquoson,US,2020-12-26 14:45:31,37.12,-76.35,28.0,53,1,13.87
497,Erzin,TR,2020-12-26 14:45:31,36.96,36.2,62.01,39,99,8.14
498,Palmer,US,2020-12-26 14:39:54,42.16,-72.33,28.99,63,20,14.99
499,Rawson,AR,2020-12-26 14:38:09,-43.3,-65.1,77.63,41,39,8.28
500,Takoradi,GH,2020-12-26 14:45:32,4.88,-1.76,84.33,71,22,8.3
501,Udachnyy,RU,2020-12-26 14:45:32,66.42,112.4,-22.0,74,75,4.47
502,Conceicao Do Araguaia,BR,2020-12-26 14:45:32,-8.26,-49.26,73.15,94,100,5.99
503,San Cristobal,VE,2020-12-26 14:38:59,7.77,-72.22,75.2,100,75,4.7
504,Sompeta,IN,2020-12-26 14:45:33,18.93,84.6,69.33,58,19,2.8
505,Mehran,IR,2020-12-26 14:45:33,33.12,46.16,46.4,20,0,4.7
506,Malanje,AO,2020-12-26 14:45:33,-9.54,16.34,80.6,78,75,9.17
507,Kandrian,PG,2020-12-26 14:40:03,-6.22,149.55,79.12,83,100,4.83
508,Naro Moru,KE,2020-12-26 14:45:33,-0.17,37.02,63.93,66,100,7.2
509,Lubango,AO,2020-12-26 14:41:00,-14.92,13.49,71.78,68,97,8.72
510,Seydi,TM,2020-12-26 14:45:34,39.48,62.91,30.99,85,100,14.67
511,Honningsvag,NO,2020-12-26 14:45:34,70.98,25.97,18.84,88,0,32.39
512,Sambava,MG,2020-12-26 14:45:35,-14.27,50.17,83.52,75,100,3.6
513,Granadilla De Abona,ES,2020-12-26 14:45:35,28.12,-16.58,73.0,77,75,5.82
514,Tucuman,AR,2020-12-26 14:45:35,-26.82,-65.22,87.21,44,0,6.67
515,Chernenko,RU,2020-12-26 14:45:35,44.37,39.31,47.62,62,97,5.95
516,Katsina,NG,2020-12-26 14:45:36,12.99,7.6,84.15,15,94,10.29
517,Prince Albert,CA,2020-12-26 14:45:36,53.2,-105.77,15.8,85,90,3.36
518,Santa Cruz Cabralia,BR,2020-12-26 14:41:23,-16.28,-39.02,82.4,65,75,5.82
519,Emba,KZ,2020-12-26 14:45:36,48.83,58.14,5.85,94,0,2.89
520,Hato Mayor,DO,2020-12-26 14:45:37,18.76,-69.26,78.8,88,40,5.82
521,Pandhana,IN,2020-12-26 14:45:37,21.7,76.22,70.48,33,66,4.21
522,Weihai,CN,2020-12-26 14:45:37,37.5,122.11,41.99,79,100,10.27
523,Aliwal North,ZA,2020-12-26 14:45:37,-30.69,26.71,91.56,14,4,18.07
524,Yulara,AU,2020-12-26 14:38:56,-25.24,130.99,82.4,20,0,8.05
525,Les Cayes,HT,2020-12-26 14:45:38,18.2,-73.75,80.96,69,2,6.78
526,Kanniyakumari,IN,2020-12-26 14:45:38,8.08,77.57,79.56,67,27,16.6
527,Aqtobe,KZ,2020-12-26 14:45:38,50.28,57.21,10.4,92,90,6.71
528,Marzuq,YE,2020-12-26 14:40:28,14.4,46.47,67.44,27,18,10.13
529,Mocuba,MZ,2020-12-26 14:45:38,-16.84,36.99,88.57,57,77,8.48
530,Parainen,FI,2020-12-26 14:45:39,60.31,22.3,30.0,86,90,2.24
531,Tomigusuku,JP,2020-12-26 14:45:39,26.18,127.67,66.2,63,75,5.82
532,Lunglei,IN,2020-12-26 14:45:39,22.88,92.73,53.42,67,0,2.64
533,Eidfjord,NO,2020-12-26 14:45:39,60.47,7.07,25.0,81,100,5.95
534,Mumford,GH,2020-12-26 14:45:39,5.26,-0.76,83.55,71,5,12.41
535,Kashi,CN,2020-12-26 14:45:40,39.45,75.98,23.0,85,20,0.81
536,Envira,BR,2020-12-26 14:45:40,-7.3,-70.22,77.41,85,100,2.13
537,Sibolga,ID,2020-12-26 14:34:36,1.74,98.78,76.95,80,100,3.22
538,Sorong,ID,2020-12-26 14:45:41,-0.88,131.25,81.66,77,86,5.28
539,Georgiyevskoye,RU,2020-12-26 14:45:41,58.73,45.02,19.53,97,100,8.39
540,Oga,IT,2020-12-26 14:45:41,46.46,10.35,39.99,52,0,12.75
541,Novaya Bryan,RU,2020-12-26 14:45:41,51.72,108.27,-2.2,64,100,11.18
542,Kenai,US,2020-12-26 14:45:41,60.55,-151.26,21.99,85,1,3.36
543,Arkansas City,US,2020-12-26 14:39:01,37.06,-97.04,35.6,69,1,4.7
544,Bodden Town,KY,2020-12-26 14:45:42,19.28,-81.25,73.4,73,90,12.75
545,Te Anau,NZ,2020-12-26 14:45:42,-45.42,167.72,37.6,88,19,3.15
546,Berbera,SO,2020-12-26 14:45:42,10.44,45.01,78.3,57,0,16.67
547,Severo-Yeniseyskiy,RU,2020-12-26 14:45:42,60.37,93.04,-38.52,81,5,0.31
548,Hay River,CA,2020-12-26 14:39:31,60.82,-115.8,6.8,92,0,3.6
549,Teguldet,RU,2020-12-26 14:45:43,57.31,88.17,-36.44,82,33,2.59
550,Ila,NO,2020-12-26 14:45:43,63.43,10.37,33.8,69,0,16.11
